time,open,high,low,close,date,time_str
1738824740000,1738824742462,1738824744107,1738824742462,1738824744107,2025-02-06,06:52:20.000Z
1738824745000,1738824745252,1738824745252,1738824745252,1738824745252,2025-02-06,06:52:25.000Z
1738824745000,1738824746669,1738824749713,1738824746669,1738824749713,2025-02-06,06:52:25.000Z
1738824750000,1738824750726,1738824750726,1738824750726,1738824750726,2025-02-06,06:52:30.000Z
1738824750000,1738824752132,1738824754486,1738824752132,1738824754486,2025-02-06,06:52:30.000Z
1738824755000,1738824755619,1738824755619,1738824755619,1738824755619,2025-02-06,06:52:35.000Z
1738824755000,1738824756633,1738824759710,1738824756633,1738824759710,2025-02-06,06:52:35.000Z
1738824760000,1738824762289,1738824764623,1738824762289,1738824764623,2025-02-06,06:52:40.000Z
1738824765000,1738824766132,1738824769962,1738824766132,1738824769962,2025-02-06,06:52:45.000Z
1738824770000,1738824771843,1738824774109,1738824771843,1738824774109,2025-02-06,06:52:50.000Z
1738824775000,1738824776371,1738824779752,1738824776371,1738824779752,2025-02-06,06:52:55.000Z
1738824780000,1738824780996,1738824780996,1738824780996,1738824780996,2025-02-06,06:53:00.000Z
1738824780000,1738824782040,1738824784613,1738824782040,1738824784613,2025-02-06,06:53:00.000Z
1738824785000,1738824785875,1738824785875,1738824785875,1738824785875,2025-02-06,06:53:05.000Z
1738824785000,1738824786890,1738824789927,1738824786890,1738824789927,2025-02-06,06:53:05.000Z
1738824790000,1738824790936,1738824790936,1738824790936,1738824790936,2025-02-06,06:53:10.000Z
1738824790000,1738824791988,1738824794019,1738824791988,1738824794019,2025-02-06,06:53:10.000Z
1738824795000,1738824796684,1738824797704,1738824796684,1738824797704,2025-02-06,06:53:15.000Z
1738824800000,1738824800373,1738824800373,1738824800373,1738824800373,2025-02-06,06:53:20.000Z
1738824800000,1738824802369,1738824802369,1738824802369,1738824802369,2025-02-06,06:53:20.000Z
1738824805000,1738824805748,1738824805748,1738824805748,1738824805748,2025-02-06,06:53:25.000Z
1738824805000,1738824807617,1738824808869,1738824807617,1738824808869,2025-02-06,06:53:25.000Z
1738824810000,1738824812235,1738824813991,1738824812235,1738824813991,2025-02-06,06:53:30.000Z
1738824815000,1738824815445,1738824815445,1738824815445,1738824815445,2025-02-06,06:53:35.000Z
1738824815000,1738824818985,1738824819998,1738824818985,1738824819998,2025-02-06,06:53:35.000Z
1738824820000,1738824821015,1738824824083,1738824821015,1738824824083,2025-02-06,06:53:40.000Z
1738824825000,1738824825408,1738824825408,1738824825408,1738824825408,2025-02-06,06:53:45.000Z
1738824825000,1738824828009,1738824829532,1738824828009,1738824829532,2025-02-06,06:53:45.000Z
1738824830000,1738824830547,1738824830547,1738824830547,1738824830547,2025-02-06,06:53:50.000Z
1738824830000,1738824832128,1738824833960,1738824832128,1738824833960,2025-02-06,06:53:50.000Z
1738824835000,1738824835827,1738824835827,1738824835827,1738824835827,2025-02-06,06:53:55.000Z
1738824835000,1738824836843,1738824839893,1738824836843,1738824839893,2025-02-06,06:53:55.000Z
1738824840000,1738824840899,1738824840899,1738824840899,1738824840899,2025-02-06,06:54:00.000Z
1738824840000,1738824841923,1738824844976,1738824841923,1738824844976,2025-02-06,06:54:00.000Z
1738824845000,1738824846353,1738824849042,1738824846353,1738824849042,2025-02-06,06:54:05.000Z
1738824850000,1738824850243,1738824850243,1738824850243,1738824850243,2025-02-06,06:54:10.000Z
1738824850000,1738824851275,1738824854902,1738824851275,1738824854902,2025-02-06,06:54:10.000Z
1738824855000,1738824856232,1738824859914,1738824856232,1738824859914,2025-02-06,06:54:15.000Z
1738824860000,1738824861111,1738824863894,1738824861111,1738824863894,2025-02-06,06:54:20.000Z
1738824865000,1738824865347,1738824865347,1738824865347,1738824865347,2025-02-06,06:54:25.000Z
1738824865000,1738824867339,1738824869853,1738824867339,1738824869853,2025-02-06,06:54:25.000Z
1738824870000,1738824871132,1738824874997,1738824871132,1738824874997,2025-02-06,06:54:30.000Z
1738824875000,1738824876323,1738824879218,1738824876323,1738824879218,2025-02-06,06:54:35.000Z
1738824880000,1738824880341,1738824880341,1738824880341,1738824880341,2025-02-06,06:54:40.000Z
1738824880000,1738824882646,1738824884874,1738824882646,1738824884874,2025-02-06,06:54:40.000Z
1738824885000,1738824886882,1738824889916,1738824886882,1738824889916,2025-02-06,06:54:45.000Z
1738824890000,1738824891175,1738824893389,1738824891175,1738824893389,2025-02-06,06:54:50.000Z
1738824895000,1738824895117,1738824895117,1738824895117,1738824895117,2025-02-06,06:54:55.000Z
1738824895000,1738824896782,1738824899479,1738824896782,1738824899479,2025-02-06,06:54:55.000Z
1738824900000,1738824900663,1738824900663,1738824900663,1738824900663,2025-02-06,06:55:00.000Z
1738824900000,1738824903221,1738824904885,1738824903221,1738824904885,2025-02-06,06:55:00.000Z
1738824905000,1738824908259,1738824908259,1738824908259,1738824908259,2025-02-06,06:55:05.000Z
1738824910000,1738824910236,1738824910236,1738824910236,1738824910236,2025-02-06,06:55:10.000Z
1738824910000,1738824911502,1738824914542,1738824911502,1738824914542,2025-02-06,06:55:10.000Z
1738824915000,1738824915560,1738824915560,1738824915560,1738824915560,2025-02-06,06:55:15.000Z
1738824915000,1738824916575,1738824919343,1738824916575,1738824919343,2025-02-06,06:55:15.000Z
1738824920000,1738824920566,1738824920566,1738824920566,1738824920566,2025-02-06,06:55:20.000Z
1738824920000,1738824921736,1738824924395,1738824921736,1738824924395,2025-02-06,06:55:20.000Z
1738824925000,1738824925411,1738824925411,1738824925411,1738824925411,2025-02-06,06:55:25.000Z
1738824925000,1738824926425,1738824928641,1738824926425,1738824928641,2025-02-06,06:55:25.000Z
1738824930000,1738824930762,1738824930762,1738824930762,1738824930762,2025-02-06,06:55:30.000Z
1738824930000,1738824932420,1738824934486,1738824932420,1738824934486,2025-02-06,06:55:30.000Z
1738824935000,1738824935518,1738824935518,1738824935518,1738824935518,2025-02-06,06:55:35.000Z
1738824935000,1738824936848,1738824939921,1738824936848,1738824939921,2025-02-06,06:55:35.000Z
1738824940000,1738824941421,1738824944135,1738824941421,1738824944135,2025-02-06,06:55:40.000Z
1738824945000,1738824945204,1738824945204,1738824945204,1738824945204,2025-02-06,06:55:45.000Z
1738824945000,1738824946378,1738824949464,1738824946378,1738824949464,2025-02-06,06:55:45.000Z
1738824950000,1738824950480,1738824950480,1738824950480,1738824950480,2025-02-06,06:55:50.000Z
1738824950000,1738824951856,1738824952869,1738824951856,1738824952869,2025-02-06,06:55:50.000Z
1738824955000,1738824955344,1738824955344,1738824955344,1738824955344,2025-02-06,06:55:55.000Z
1738824960000,1738824961557,1738824963599,1738824961557,1738824963599,2025-02-06,06:56:00.000Z
1738824965000,1738824965229,1738824965229,1738824965229,1738824965229,2025-02-06,06:56:05.000Z
1738824965000,1738824966498,1738824968139,1738824966498,1738824968139,2025-02-06,06:56:05.000Z
1738824970000,1738824970108,1738824970108,1738824970108,1738824970108,2025-02-06,06:56:10.000Z
1738824970000,1738824971799,1738824974657,1738824971799,1738824974657,2025-02-06,06:56:10.000Z
1738824975000,1738824976735,1738824978492,1738824976735,1738824978492,2025-02-06,06:56:15.000Z
1738824980000,1738824980645,1738824980645,1738824980645,1738824980645,2025-02-06,06:56:20.000Z
1738824980000,1738824983461,1738824983461,1738824983461,1738824983461,2025-02-06,06:56:20.000Z
1738824985000,1738824986298,1738824989592,1738824986298,1738824989592,2025-02-06,06:56:25.000Z
1738824990000,1738824990607,1738824990607,1738824990607,1738824990607,2025-02-06,06:56:30.000Z
1738824990000,1738824991713,1738824991713,1738824991713,1738824991713,2025-02-06,06:56:30.000Z
1738824995000,1738824995944,1738824995944,1738824995944,1738824995944,2025-02-06,06:56:35.000Z
1738824995000,1738824998010,1738824999996,1738824998010,1738824999996,2025-02-06,06:56:35.000Z
1738825000000,1738825001447,1738825003633,1738825001447,1738825003633,2025-02-06,06:56:40.000Z
1738825005000,1738825005506,1738825005506,1738825005506,1738825005506,2025-02-06,06:56:45.000Z
1738825005000,1738825008378,1738825009421,1738825008378,1738825009421,2025-02-06,06:56:45.000Z
1738825010000,1738825010942,1738825010942,1738825010942,1738825010942,2025-02-06,06:56:50.000Z
1738825010000,1738825014082,1738825014082,1738825014082,1738825014082,2025-02-06,06:56:50.000Z
1738825015000,1738825015644,1738825015644,1738825015644,1738825015644,2025-02-06,06:56:55.000Z
1738825015000,1738825017688,1738825019721,1738825017688,1738825019721,2025-02-06,06:56:55.000Z
1738825020000,1738825021935,1738825023820,1738825021935,1738825023820,2025-02-06,06:57:00.000Z
1738825025000,1738825025411,1738825025411,1738825025411,1738825025411,2025-02-06,06:57:05.000Z
1738825025000,1738825026982,1738825028828,1738825026982,1738825028828,2025-02-06,06:57:05.000Z
1738825030000,1738825030500,1738825030500,1738825030500,1738825030500,2025-02-06,06:57:10.000Z
1738825030000,1738825031525,1738825034577,1738825031525,1738825034577,2025-02-06,06:57:10.000Z
1738825035000,1738825036512,1738825037958,1738825036512,1738825037958,2025-02-06,06:57:15.000Z
1738825040000,1738825040116,1738825040116,1738825040116,1738825040116,2025-02-06,06:57:20.000Z
1738825040000,1738825042816,1738825044513,1738825042816,1738825044513,2025-02-06,06:57:20.000Z
1738825045000,1738825045524,1738825045524,1738825045524,1738825045524,2025-02-06,06:57:25.000Z
1738825045000,1738825047361,1738825049263,1738825047361,1738825049263,2025-02-06,06:57:25.000Z
1738825050000,1738825050652,1738825050652,1738825050652,1738825050652,2025-02-06,06:57:30.000Z
1738825050000,1738825051837,1738825054196,1738825051837,1738825054196,2025-02-06,06:57:30.000Z
1738825055000,1738825055343,1738825055343,1738825055343,1738825055343,2025-02-06,06:57:35.000Z
1738825055000,1738825056570,1738825058591,1738825056570,1738825058591,2025-02-06,06:57:35.000Z
1738825060000,1738825060186,1738825060186,1738825060186,1738825060186,2025-02-06,06:57:40.000Z
1738825060000,1738825062376,1738825064031,1738825062376,1738825064031,2025-02-06,06:57:40.000Z
1738825065000,1738825065346,1738825065346,1738825065346,1738825065346,2025-02-06,06:57:45.000Z
1738825065000,1738825066801,1738825069549,1738825066801,1738825069549,2025-02-06,06:57:45.000Z
1738825070000,1738825070877,1738825070877,1738825070877,1738825070877,2025-02-06,06:57:50.000Z
1738825070000,1738825072142,1738825074159,1738825072142,1738825074159,2025-02-06,06:57:50.000Z
1738825075000,1738825075176,1738825075176,1738825075176,1738825075176,2025-02-06,06:57:55.000Z
1738825075000,1738825076240,1738825079643,1738825076240,1738825079643,2025-02-06,06:57:55.000Z
1738825080000,1738825080659,1738825080659,1738825080659,1738825080659,2025-02-06,06:58:00.000Z
1738825080000,1738825082146,1738825084982,1738825082146,1738825084982,2025-02-06,06:58:00.000Z
1738825085000,1738825086201,1738825088757,1738825086201,1738825088757,2025-02-06,06:58:05.000Z
1738825090000,1738825090035,1738825090035,1738825090035,1738825090035,2025-02-06,06:58:10.000Z
1738825090000,1738825092391,1738825094423,1738825092391,1738825094423,2025-02-06,06:58:10.000Z
1738825095000,1738825095442,1738825095442,1738825095442,1738825095442,2025-02-06,06:58:15.000Z
1738825095000,1738825096862,1738825096862,1738825096862,1738825096862,2025-02-06,06:58:15.000Z
1738825100000,1738825100259,1738825100259,1738825100259,1738825100259,2025-02-06,06:58:20.000Z
1738825100000,1738825101505,1738825104404,1738825101505,1738825104404,2025-02-06,06:58:20.000Z
1738825105000,1738825105415,1738825105415,1738825105415,1738825105415,2025-02-06,06:58:25.000Z
1738825105000,1738825107376,1738825109496,1738825107376,1738825109496,2025-02-06,06:58:25.000Z
1738825110000,1738825110733,1738825110733,1738825110733,1738825110733,2025-02-06,06:58:30.000Z
1738825110000,1738825112277,1738825114889,1738825112277,1738825114889,2025-02-06,06:58:30.000Z
1738825115000,1738825115998,1738825115998,1738825115998,1738825115998,2025-02-06,06:58:35.000Z
1738825115000,1738825117137,1738825119651,1738825117137,1738825119651,2025-02-06,06:58:35.000Z
1738825120000,1738825120662,1738825120662,1738825120662,1738825120662,2025-02-06,06:58:40.000Z
1738825120000,1738825121863,1738825124648,1738825121863,1738825124648,2025-02-06,06:58:40.000Z
1738825125000,1738825125880,1738825125880,1738825125880,1738825125880,2025-02-06,06:58:45.000Z
1738825125000,1738825128142,1738825129174,1738825128142,1738825129174,2025-02-06,06:58:45.000Z
1738825130000,1738825130310,1738825130310,1738825130310,1738825130310,2025-02-06,06:58:50.000Z
1738825130000,1738825131638,1738825134876,1738825131638,1738825134876,2025-02-06,06:58:50.000Z
1738825135000,1738825136316,1738825139361,1738825136316,1738825139361,2025-02-06,06:58:55.000Z
1738825140000,1738825140374,1738825140374,1738825140374,1738825140374,2025-02-06,06:59:00.000Z
1738825140000,1738825141935,1738825144918,1738825141935,1738825144918,2025-02-06,06:59:00.000Z
1738825145000,1738825146467,1738825149847,1738825146467,1738825149847,2025-02-06,06:59:05.000Z
1738825150000,1738825150985,1738825150985,1738825150985,1738825150985,2025-02-06,06:59:10.000Z
1738825150000,1738825152247,1738825154918,1738825152247,1738825154918,2025-02-06,06:59:10.000Z
1738825155000,1738825155965,1738825155965,1738825155965,1738825155965,2025-02-06,06:59:15.000Z
1738825155000,1738825158136,1738825159152,1738825158136,1738825159152,2025-02-06,06:59:15.000Z
1738825160000,1738825160158,1738825160158,1738825160158,1738825160158,2025-02-06,06:59:20.000Z
1738825160000,1738825162084,1738825164004,1738825162084,1738825164004,2025-02-06,06:59:20.000Z
1738825165000,1738825165221,1738825165221,1738825165221,1738825165221,2025-02-06,06:59:25.000Z
1738825165000,1738825167046,1738825169754,1738825167046,1738825169754,2025-02-06,06:59:25.000Z
1738825170000,1738825171255,1738825174686,1738825171255,1738825174686,2025-02-06,06:59:30.000Z
1738825175000,1738825175702,1738825175702,1738825175702,1738825175702,2025-02-06,06:59:35.000Z
1738825175000,1738825177418,1738825177418,1738825177418,1738825177418,2025-02-06,06:59:35.000Z
1738825180000,1738825180241,1738825180241,1738825180241,1738825180241,2025-02-06,06:59:40.000Z
1738825180000,1738825181631,1738825184756,1738825181631,1738825184756,2025-02-06,06:59:40.000Z
1738825185000,1738825186000,1738825189905,1738825186000,1738825189905,2025-02-06,06:59:45.000Z
1738825190000,1738825190925,1738825190925,1738825190925,1738825190925,2025-02-06,06:59:50.000Z
1738825190000,1738825191952,1738825193982,1738825191952,1738825193982,2025-02-06,06:59:50.000Z
1738825195000,1738825196531,1738825199982,1738825196531,1738825199982,2025-02-06,06:59:55.000Z
1738825200000,1738825202003,1738825204867,1738825202003,1738825204867,2025-02-06,07:00:00.000Z
1738825205000,1738825206843,1738825208877,1738825206843,1738825208877,2025-02-06,07:00:05.000Z
1738825210000,1738825210130,1738825210130,1738825210130,1738825210130,2025-02-06,07:00:10.000Z
1738825210000,1738825211634,1738825214674,1738825211634,1738825214674,2025-02-06,07:00:10.000Z
1738825215000,1738825215786,1738825215786,1738825215786,1738825215786,2025-02-06,07:00:15.000Z
1738825215000,1738825217633,1738825219722,1738825217633,1738825219722,2025-02-06,07:00:15.000Z
1738825220000,1738825221005,1738825224906,1738825221005,1738825224906,2025-02-06,07:00:20.000Z
1738825225000,1738825226440,1738825229703,1738825226440,1738825229703,2025-02-06,07:00:25.000Z
1738825230000,1738825231457,1738825234940,1738825231457,1738825234940,2025-02-06,07:00:30.000Z
1738825235000,1738825236333,1738825239035,1738825236333,1738825239035,2025-02-06,07:00:35.000Z
1738825240000,1738825240049,1738825240049,1738825240049,1738825240049,2025-02-06,07:00:40.000Z
1738825240000,1738825241398,1738825244900,1738825241398,1738825244900,2025-02-06,07:00:40.000Z
1738825245000,1738825246864,1738825249347,1738825246864,1738825249347,2025-02-06,07:00:45.000Z
1738825250000,1738825250350,1738825250350,1738825250350,1738825250350,2025-02-06,07:00:50.000Z
1738825250000,1738825251630,1738825254667,1738825251630,1738825254667,2025-02-06,07:00:50.000Z
1738825255000,1738825255679,1738825255679,1738825255679,1738825255679,2025-02-06,07:00:55.000Z
1738825255000,1738825256695,1738825259732,1738825256695,1738825259732,2025-02-06,07:00:55.000Z
1738825260000,1738825261002,1738825264569,1738825261002,1738825264569,2025-02-06,07:01:00.000Z
1738825265000,1738825266043,1738825269655,1738825266043,1738825269655,2025-02-06,07:01:05.000Z
1738825270000,1738825270700,1738825270700,1738825270700,1738825270700,2025-02-06,07:01:10.000Z
1738825270000,1738825272400,1738825274692,1738825272400,1738825274692,2025-02-06,07:01:10.000Z
1738825275000,1738825275694,1738825275694,1738825275694,1738825275694,2025-02-06,07:01:15.000Z
1738825275000,1738825276906,1738825279635,1738825276906,1738825279635,2025-02-06,07:01:15.000Z
1738825280000,1738825280639,1738825280639,1738825280639,1738825280639,2025-02-06,07:01:20.000Z
1738825280000,1738825281647,1738825284774,1738825281647,1738825284774,2025-02-06,07:01:20.000Z
1738825285000,1738825285930,1738825285930,1738825285930,1738825285930,2025-02-06,07:01:25.000Z
1738825285000,1738825288019,1738825289045,1738825288019,1738825289045,2025-02-06,07:01:25.000Z
1738825290000,1738825290512,1738825290512,1738825290512,1738825290512,2025-02-06,07:01:30.000Z
1738825290000,1738825291995,1738825293914,1738825291995,1738825293914,2025-02-06,07:01:30.000Z
1738825295000,1738825295176,1738825295176,1738825295176,1738825295176,2025-02-06,07:01:35.000Z
1738825295000,1738825297130,1738825298610,1738825297130,1738825298610,2025-02-06,07:01:35.000Z
1738825300000,1738825300367,1738825300367,1738825300367,1738825300367,2025-02-06,07:01:40.000Z
1738825300000,1738825301385,1738825304907,1738825301385,1738825304907,2025-02-06,07:01:40.000Z
1738825305000,1738825306245,1738825309619,1738825306245,1738825309619,2025-02-06,07:01:45.000Z
1738825310000,1738825311367,1738825313672,1738825311367,1738825313672,2025-02-06,07:01:50.000Z
1738825315000,1738825315004,1738825315004,1738825315004,1738825315004,2025-02-06,07:01:55.000Z
1738825315000,1738825316019,1738825319048,1738825316019,1738825319048,2025-02-06,07:01:55.000Z
1738825320000,1738825320121,1738825320121,1738825320121,1738825320121,2025-02-06,07:02:00.000Z
1738825320000,1738825322482,1738825324766,1738825322482,1738825324766,2025-02-06,07:02:00.000Z
1738825325000,1738825326332,1738825329365,1738825326332,1738825329365,2025-02-06,07:02:05.000Z
1738825330000,1738825330582,1738825330582,1738825330582,1738825330582,2025-02-06,07:02:10.000Z
1738825330000,1738825331602,1738825334424,1738825331602,1738825334424,2025-02-06,07:02:10.000Z
1738825335000,1738825335436,1738825335436,1738825335436,1738825335436,2025-02-06,07:02:15.000Z
1738825335000,1738825337127,1738825339516,1738825337127,1738825339516,2025-02-06,07:02:15.000Z
1738825340000,1738825341257,1738825344547,1738825341257,1738825344547,2025-02-06,07:02:20.000Z
1738825345000,1738825345836,1738825345836,1738825345836,1738825345836,2025-02-06,07:02:25.000Z
1738825345000,1738825347198,1738825349319,1738825347198,1738825349319,2025-02-06,07:02:25.000Z
1738825350000,1738825350700,1738825350700,1738825350700,1738825350700,2025-02-06,07:02:30.000Z
1738825350000,1738825352190,1738825354528,1738825352190,1738825354528,2025-02-06,07:02:30.000Z
1738825355000,1738825356195,1738825359574,1738825356195,1738825359574,2025-02-06,07:02:35.000Z
1738825360000,1738825360581,1738825360581,1738825360581,1738825360581,2025-02-06,07:02:40.000Z
1738825360000,1738825361843,1738825364345,1738825361843,1738825364345,2025-02-06,07:02:40.000Z
1738825365000,1738825365374,1738825365374,1738825365374,1738825365374,2025-02-06,07:02:45.000Z
1738825365000,1738825367836,1738825368856,1738825367836,1738825368856,2025-02-06,07:02:45.000Z
1738825370000,1738825370879,1738825370879,1738825370879,1738825370879,2025-02-06,07:02:50.000Z
1738825370000,1738825372593,1738825374620,1738825372593,1738825374620,2025-02-06,07:02:50.000Z
1738825375000,1738825375635,1738825375635,1738825375635,1738825375635,2025-02-06,07:02:55.000Z
1738825375000,1738825376661,1738825379748,1738825376661,1738825379748,2025-02-06,07:02:55.000Z
1738825380000,1738825381009,1738825384331,1738825381009,1738825384331,2025-02-06,07:03:00.000Z
1738825385000,1738825385696,1738825385696,1738825385696,1738825385696,2025-02-06,07:03:05.000Z
1738825385000,1738825387140,1738825389331,1738825387140,1738825389331,2025-02-06,07:03:05.000Z
1738825390000,1738825390952,1738825390952,1738825390952,1738825390952,2025-02-06,07:03:10.000Z
1738825390000,1738825391962,1738825394729,1738825391962,1738825394729,2025-02-06,07:03:10.000Z
1738825395000,1738825396333,1738825399359,1738825396333,1738825399359,2025-02-06,07:03:15.000Z
1738825400000,1738825400372,1738825400372,1738825400372,1738825400372,2025-02-06,07:03:20.000Z
1738825400000,1738825401393,1738825404456,1738825401393,1738825404456,2025-02-06,07:03:20.000Z
1738825405000,1738825405461,1738825405461,1738825405461,1738825405461,2025-02-06,07:03:25.000Z
1738825405000,1738825406972,1738825409200,1738825406972,1738825409200,2025-02-06,07:03:25.000Z
1738825410000,1738825411460,1738825414569,1738825411460,1738825414569,2025-02-06,07:03:30.000Z
1738825415000,1738825416196,1738825419311,1738825416196,1738825419311,2025-02-06,07:03:35.000Z
1738825420000,1738825421221,1738825424319,1738825421221,1738825424319,2025-02-06,07:03:40.000Z
1738825425000,1738825425499,1738825425499,1738825425499,1738825425499,2025-02-06,07:03:45.000Z
1738825425000,1738825426518,1738825429555,1738825426518,1738825429555,2025-02-06,07:03:45.000Z
1738825430000,1738825430561,1738825430561,1738825430561,1738825430561,2025-02-06,07:03:50.000Z
1738825430000,1738825432891,1738825434078,1738825432891,1738825434078,2025-02-06,07:03:50.000Z
1738825435000,1738825435106,1738825435106,1738825435106,1738825435106,2025-02-06,07:03:55.000Z
1738825435000,1738825436158,1738825439498,1738825436158,1738825439498,2025-02-06,07:03:55.000Z
1738825440000,1738825440820,1738825440820,1738825440820,1738825440820,2025-02-06,07:04:00.000Z
1738825440000,1738825442692,1738825444324,1738825442692,1738825444324,2025-02-06,07:04:00.000Z
1738825445000,1738825445359,1738825445359,1738825445359,1738825445359,2025-02-06,07:04:05.000Z
1738825445000,1738825446424,1738825449004,1738825446424,1738825449004,2025-02-06,07:04:05.000Z
1738825450000,1738825450008,1738825450008,1738825450008,1738825450008,2025-02-06,07:04:10.000Z
1738825450000,1738825451031,1738825453694,1738825451031,1738825453694,2025-02-06,07:04:10.000Z
1738825455000,1738825455083,1738825455083,1738825455083,1738825455083,2025-02-06,07:04:15.000Z
1738825455000,1738825456099,1738825459454,1738825456099,1738825459454,2025-02-06,07:04:15.000Z
1738825460000,1738825461088,1738825464322,1738825461088,1738825464322,2025-02-06,07:04:20.000Z
1738825465000,1738825465341,1738825465341,1738825465341,1738825465341,2025-02-06,07:04:25.000Z
1738825465000,1738825469007,1738825469007,1738825469007,1738825469007,2025-02-06,07:04:25.000Z
1738825470000,1738825470876,1738825470876,1738825470876,1738825470876,2025-02-06,07:04:30.000Z
1738825470000,1738825472631,1738825473988,1738825472631,1738825473988,2025-02-06,07:04:30.000Z
1738825475000,1738825475000,1738825475000,1738825475000,1738825475000,2025-02-06,07:04:35.000Z
1738825475000,1738825478697,1738825478697,1738825478697,1738825478697,2025-02-06,07:04:35.000Z
1738825480000,1738825480231,1738825480231,1738825480231,1738825480231,2025-02-06,07:04:40.000Z
1738825480000,1738825482970,1738825483984,1738825482970,1738825483984,2025-02-06,07:04:40.000Z
1738825485000,1738825485738,1738825485738,1738825485738,1738825485738,2025-02-06,07:04:45.000Z
1738825485000,1738825487469,1738825489491,1738825487469,1738825489491,2025-02-06,07:04:45.000Z
1738825490000,1738825490669,1738825490669,1738825490669,1738825490669,2025-02-06,07:04:50.000Z
1738825490000,1738825492948,1738825494976,1738825492948,1738825494976,2025-02-06,07:04:50.000Z
1738825495000,1738825497333,1738825499324,1738825497333,1738825499324,2025-02-06,07:04:55.000Z
1738825500000,1738825501948,1738825502968,1738825501948,1738825502968,2025-02-06,07:05:00.000Z
1738825505000,1738825505950,1738825505950,1738825505950,1738825505950,2025-02-06,07:05:05.000Z
1738825510000,1738825510852,1738825510852,1738825510852,1738825510852,2025-02-06,07:05:10.000Z
1738825510000,1738825513739,1738825513739,1738825513739,1738825513739,2025-02-06,07:05:10.000Z
1738825515000,1738825515837,1738825515837,1738825515837,1738825515837,2025-02-06,07:05:15.000Z
1738825515000,1738825519782,1738825519782,1738825519782,1738825519782,2025-02-06,07:05:15.000Z
1738825520000,1738825521828,1738825524581,1738825521828,1738825524581,2025-02-06,07:05:20.000Z
1738825525000,1738825525588,1738825525588,1738825525588,1738825525588,2025-02-06,07:05:25.000Z
1738825525000,1738825527028,1738825528949,1738825527028,1738825528949,2025-02-06,07:05:25.000Z
1738825530000,1738825530013,1738825530013,1738825530013,1738825530013,2025-02-06,07:05:30.000Z
1738825530000,1738825532049,1738825534651,1738825532049,1738825534651,2025-02-06,07:05:30.000Z
1738825535000,1738825535754,1738825535754,1738825535754,1738825535754,2025-02-06,07:05:35.000Z
1738825535000,1738825537319,1738825539353,1738825537319,1738825539353,2025-02-06,07:05:35.000Z
1738825540000,1738825540980,1738825540980,1738825540980,1738825540980,2025-02-06,07:05:40.000Z
1738825540000,1738825541991,1738825544007,1738825541991,1738825544007,2025-02-06,07:05:40.000Z
1738825545000,1738825545023,1738825545023,1738825545023,1738825545023,2025-02-06,07:05:45.000Z
1738825545000,1738825547082,1738825549108,1738825547082,1738825549108,2025-02-06,07:05:45.000Z
1738825550000,1738825550162,1738825550162,1738825550162,1738825550162,2025-02-06,07:05:50.000Z
1738825550000,1738825551329,1738825554362,1738825551329,1738825554362,2025-02-06,07:05:50.000Z
1738825555000,1738825556082,1738825559127,1738825556082,1738825559127,2025-02-06,07:05:55.000Z
1738825560000,1738825560143,1738825560143,1738825560143,1738825560143,2025-02-06,07:06:00.000Z
1738825560000,1738825561158,1738825564933,1738825561158,1738825564933,2025-02-06,07:06:00.000Z
1738825565000,1738825566459,1738825569995,1738825566459,1738825569995,2025-02-06,07:06:05.000Z
1738825570000,1738825571401,1738825574786,1738825571401,1738825574786,2025-02-06,07:06:10.000Z
1738825575000,1738825575802,1738825575802,1738825575802,1738825575802,2025-02-06,07:06:15.000Z
1738825575000,1738825577100,1738825579537,1738825577100,1738825579537,2025-02-06,07:06:15.000Z
1738825580000,1738825580553,1738825580553,1738825580553,1738825580553,2025-02-06,07:06:20.000Z
1738825580000,1738825581575,1738825584617,1738825581575,1738825584617,2025-02-06,07:06:20.000Z
1738825585000,1738825586073,1738825589154,1738825586073,1738825589154,2025-02-06,07:06:25.000Z
1738825590000,1738825590462,1738825590462,1738825590462,1738825590462,2025-02-06,07:06:30.000Z
1738825590000,1738825591548,1738825594122,1738825591548,1738825594122,2025-02-06,07:06:30.000Z
1738825595000,1738825595388,1738825595388,1738825595388,1738825595388,2025-02-06,07:06:35.000Z
1738825595000,1738825597124,1738825598133,1738825597124,1738825598133,2025-02-06,07:06:35.000Z
1738825600000,1738825600084,1738825600084,1738825600084,1738825600084,2025-02-06,07:06:40.000Z
1738825600000,1738825601100,1738825604306,1738825601100,1738825604306,2025-02-06,07:06:40.000Z
1738825605000,1738825605462,1738825605462,1738825605462,1738825605462,2025-02-06,07:06:45.000Z
1738825605000,1738825606516,1738825609962,1738825606516,1738825609962,2025-02-06,07:06:45.000Z
1738825610000,1738825610964,1738825610964,1738825610964,1738825610964,2025-02-06,07:06:50.000Z
1738825610000,1738825611995,1738825614121,1738825611995,1738825614121,2025-02-06,07:06:50.000Z
1738825615000,1738825615123,1738825615123,1738825615123,1738825615123,2025-02-06,07:06:55.000Z
1738825615000,1738825616139,1738825619716,1738825616139,1738825619716,2025-02-06,07:06:55.000Z
1738825620000,1738825621061,1738825624748,1738825621061,1738825624748,2025-02-06,07:07:00.000Z
1738825625000,1738825625763,1738825625763,1738825625763,1738825625763,2025-02-06,07:07:05.000Z
1738825625000,1738825626779,1738825629115,1738825626779,1738825629115,2025-02-06,07:07:05.000Z
1738825630000,1738825630445,1738825630445,1738825630445,1738825630445,2025-02-06,07:07:10.000Z
1738825630000,1738825631935,1738825633966,1738825631935,1738825633966,2025-02-06,07:07:10.000Z
1738825635000,1738825635295,1738825635295,1738825635295,1738825635295,2025-02-06,07:07:15.000Z
1738825635000,1738825636759,1738825639094,1738825636759,1738825639094,2025-02-06,07:07:15.000Z
1738825640000,1738825640392,1738825640392,1738825640392,1738825640392,2025-02-06,07:07:20.000Z
1738825640000,1738825641580,1738825644892,1738825641580,1738825644892,2025-02-06,07:07:20.000Z
1738825645000,1738825645897,1738825645897,1738825645897,1738825645897,2025-02-06,07:07:25.000Z
1738825645000,1738825646913,1738825649053,1738825646913,1738825649053,2025-02-06,07:07:25.000Z
1738825650000,1738825650305,1738825650305,1738825650305,1738825650305,2025-02-06,07:07:30.000Z
1738825650000,1738825651320,1738825654352,1738825651320,1738825654352,2025-02-06,07:07:30.000Z
1738825655000,1738825655364,1738825655364,1738825655364,1738825655364,2025-02-06,07:07:35.000Z
1738825655000,1738825656927,1738825659256,1738825656927,1738825659256,2025-02-06,07:07:35.000Z
1738825660000,1738825660360,1738825660360,1738825660360,1738825660360,2025-02-06,07:07:40.000Z
1738825660000,1738825661443,1738825664869,1738825661443,1738825664869,2025-02-06,07:07:40.000Z
1738825665000,1738825666196,1738825669661,1738825666196,1738825669661,2025-02-06,07:07:45.000Z
1738825670000,1738825670718,1738825670718,1738825670718,1738825670718,2025-02-06,07:07:50.000Z
1738825670000,1738825671945,1738825674152,1738825671945,1738825674152,2025-02-06,07:07:50.000Z
1738825675000,1738825675171,1738825675171,1738825675171,1738825675171,2025-02-06,07:07:55.000Z
1738825675000,1738825676191,1738825679223,1738825676191,1738825679223,2025-02-06,07:07:55.000Z
1738825680000,1738825680225,1738825680225,1738825680225,1738825680225,2025-02-06,07:08:00.000Z
1738826065000,1738826068656,1738826068656,1738826068656,1738826068656,2025-02-06,07:14:25.000Z
1738826070000,1738826070275,1738826070275,1738826070275,1738826070275,2025-02-06,07:14:30.000Z
1738826070000,1738826071845,1738826074483,1738826071845,1738826074483,2025-02-06,07:14:30.000Z
1738826075000,1738826075555,1738826075555,1738826075555,1738826075555,2025-02-06,07:14:35.000Z
1738826075000,1738826076888,1738826079748,1738826076888,1738826079748,2025-02-06,07:14:35.000Z
1738826080000,1738826080864,1738826080864,1738826080864,1738826080864,2025-02-06,07:14:40.000Z
1738826080000,1738826081948,1738826083838,1738826081948,1738826083838,2025-02-06,07:14:40.000Z
1738826085000,1738826085246,1738826085246,1738826085246,1738826085246,2025-02-06,07:14:45.000Z
1738826085000,1738826086433,1738826089964,1738826086433,1738826089964,2025-02-06,07:14:45.000Z
1738826090000,1738826091136,1738826094167,1738826091136,1738826094167,2025-02-06,07:14:50.000Z
1738826095000,1738826095245,1738826095245,1738826095245,1738826095245,2025-02-06,07:14:55.000Z
1738826095000,1738826096652,1738826099042,1738826096652,1738826099042,2025-02-06,07:14:55.000Z
1738826100000,1738826100045,1738826100045,1738826100045,1738826100045,2025-02-06,07:15:00.000Z
1738826100000,1738826101157,1738826104511,1738826101157,1738826104511,2025-02-06,07:15:00.000Z
1738826105000,1738826105528,1738826105528,1738826105528,1738826105528,2025-02-06,07:15:05.000Z
1738826105000,1738826106545,1738826109585,1738826106545,1738826109585,2025-02-06,07:15:05.000Z
1738826110000,1738826110605,1738826110605,1738826110605,1738826110605,2025-02-06,07:15:10.000Z
1738826110000,1738826111621,1738826114668,1738826111621,1738826114668,2025-02-06,07:15:10.000Z
1738826115000,1738826115684,1738826115684,1738826115684,1738826115684,2025-02-06,07:15:15.000Z
1738826115000,1738826116723,1738826119058,1738826116723,1738826119058,2025-02-06,07:15:15.000Z
1738826120000,1738826120074,1738826120074,1738826120074,1738826120074,2025-02-06,07:15:20.000Z
1738826120000,1738826121090,1738826124137,1738826121090,1738826124137,2025-02-06,07:15:20.000Z
1738826125000,1738826125152,1738826125152,1738826125152,1738826125152,2025-02-06,07:15:25.000Z
1738826125000,1738826126169,1738826129282,1738826126169,1738826129282,2025-02-06,07:15:25.000Z
1738826130000,1738826130298,1738826130298,1738826130298,1738826130298,2025-02-06,07:15:30.000Z
1738826130000,1738826131314,1738826134407,1738826131314,1738826134407,2025-02-06,07:15:30.000Z
1738826135000,1738826135423,1738826135423,1738826135423,1738826135423,2025-02-06,07:15:35.000Z
1738826135000,1738826136439,1738826139486,1738826136439,1738826139486,2025-02-06,07:15:35.000Z
1738826140000,1738826140501,1738826140501,1738826140501,1738826140501,2025-02-06,07:15:40.000Z
1738826140000,1738826141517,1738826144595,1738826141517,1738826144595,2025-02-06,07:15:40.000Z
1738826145000,1738826145611,1738826145611,1738826145611,1738826145611,2025-02-06,07:15:45.000Z
1738826145000,1738826146626,1738826149673,1738826146626,1738826149673,2025-02-06,07:15:45.000Z
1738826150000,1738826150689,1738826150689,1738826150689,1738826150689,2025-02-06,07:15:50.000Z
1738826150000,1738826151724,1738826154768,1738826151724,1738826154768,2025-02-06,07:15:50.000Z
1738826155000,1738826155783,1738826155783,1738826155783,1738826155783,2025-02-06,07:15:55.000Z
1738826155000,1738826156843,1738826158987,1738826156843,1738826158987,2025-02-06,07:15:55.000Z
1738826160000,1738826160007,1738826160007,1738826160007,1738826160007,2025-02-06,07:16:00.000Z
1738826160000,1738826161379,1738826164783,1738826161379,1738826164783,2025-02-06,07:16:00.000Z
1738826165000,1738826165798,1738826165798,1738826165798,1738826165798,2025-02-06,07:16:05.000Z
1738826165000,1738826166814,1738826169861,1738826166814,1738826169861,2025-02-06,07:16:05.000Z
1738826170000,1738826170877,1738826170877,1738826170877,1738826170877,2025-02-06,07:16:10.000Z
1738826170000,1738826171893,1738826174002,1738826171893,1738826174002,2025-02-06,07:16:10.000Z
1738826175000,1738826175018,1738826175018,1738826175018,1738826175018,2025-02-06,07:16:15.000Z
1738826175000,1738826176034,1738826179143,1738826176034,1738826179143,2025-02-06,07:16:15.000Z
1738826180000,1738826180159,1738826180159,1738826180159,1738826180159,2025-02-06,07:16:20.000Z
1738826180000,1738826181175,1738826184253,1738826181175,1738826184253,2025-02-06,07:16:20.000Z
1738826185000,1738826185269,1738826185269,1738826185269,1738826185269,2025-02-06,07:16:25.000Z
1738826185000,1738826186291,1738826189378,1738826186291,1738826189378,2025-02-06,07:16:25.000Z
1738826190000,1738826190394,1738826190394,1738826190394,1738826190394,2025-02-06,07:16:30.000Z
1738826190000,1738826191422,1738826194819,1738826191422,1738826194819,2025-02-06,07:16:30.000Z
1738826195000,1738826196313,1738826199371,1738826196313,1738826199371,2025-02-06,07:16:35.000Z
1738826200000,1738826200386,1738826200386,1738826200386,1738826200386,2025-02-06,07:16:40.000Z
1738826200000,1738826201418,1738826204453,1738826201418,1738826204453,2025-02-06,07:16:40.000Z
1738826205000,1738826205458,1738826205458,1738826205458,1738826205458,2025-02-06,07:16:45.000Z
1738826205000,1738826206491,1738826209585,1738826206491,1738826209585,2025-02-06,07:16:45.000Z
1738826210000,1738826210591,1738826210591,1738826210591,1738826210591,2025-02-06,07:16:50.000Z
1738826210000,1738826211731,1738826214871,1738826211731,1738826214871,2025-02-06,07:16:50.000Z
1738826215000,1738826215876,1738826215876,1738826215876,1738826215876,2025-02-06,07:16:55.000Z
1738826215000,1738826217012,1738826219334,1738826217012,1738826219334,2025-02-06,07:16:55.000Z
1738826220000,1738826220418,1738826220418,1738826220418,1738826220418,2025-02-06,07:17:00.000Z
1738826220000,1738826221831,1738826224140,1738826221831,1738826224140,2025-02-06,07:17:00.000Z
1738826225000,1738826225164,1738826225164,1738826225164,1738826225164,2025-02-06,07:17:05.000Z
1738826225000,1738826226598,1738826229192,1738826226598,1738826229192,2025-02-06,07:17:05.000Z
1738826230000,1738826230317,1738826230317,1738826230317,1738826230317,2025-02-06,07:17:10.000Z
1738826230000,1738826231473,1738826234786,1738826231473,1738826234786,2025-02-06,07:17:10.000Z
1738826235000,1738826235802,1738826235802,1738826235802,1738826235802,2025-02-06,07:17:15.000Z
1738826235000,1738826237255,1738826239474,1738826237255,1738826239474,2025-02-06,07:17:15.000Z
1738826240000,1738826240489,1738826240489,1738826240489,1738826240489,2025-02-06,07:17:20.000Z
1738826240000,1738826241505,1738826244724,1738826241505,1738826244724,2025-02-06,07:17:20.000Z
1738826245000,1738826246334,1738826249892,1738826246334,1738826249892,2025-02-06,07:17:25.000Z
1738826250000,1738826251103,1738826254830,1738826251103,1738826254830,2025-02-06,07:17:30.000Z
1738826255000,1738826256092,1738826259277,1738826256092,1738826259277,2025-02-06,07:17:35.000Z
1738826260000,1738826260295,1738826260295,1738826260295,1738826260295,2025-02-06,07:17:40.000Z
1738826260000,1738826261637,1738826264147,1738826261637,1738826264147,2025-02-06,07:17:40.000Z
1738826265000,1738826265304,1738826265304,1738826265304,1738826265304,2025-02-06,07:17:45.000Z
1738826265000,1738826266766,1738826269129,1738826266766,1738826269129,2025-02-06,07:17:45.000Z
1738826270000,1738826270349,1738826270349,1738826270349,1738826270349,2025-02-06,07:17:50.000Z
1738826270000,1738826271987,1738826274144,1738826271987,1738826274144,2025-02-06,07:17:50.000Z
1738826275000,1738826275190,1738826275190,1738826275190,1738826275190,2025-02-06,07:17:55.000Z
1738826275000,1738826276331,1738826279444,1738826276331,1738826279444,2025-02-06,07:17:55.000Z
1738826280000,1738826280472,1738826280472,1738826280472,1738826280472,2025-02-06,07:18:00.000Z
1738826280000,1738826281504,1738826284567,1738826281504,1738826284567,2025-02-06,07:18:00.000Z
1738826285000,1738826285645,1738826285645,1738826285645,1738826285645,2025-02-06,07:18:05.000Z
1738826285000,1738826286786,1738826289850,1738826286786,1738826289850,2025-02-06,07:18:05.000Z
1738826290000,1738826290865,1738826290865,1738826290865,1738826290865,2025-02-06,07:18:10.000Z
1738826290000,1738826291881,1738826294928,1738826291881,1738826294928,2025-02-06,07:18:10.000Z
1738826295000,1738826295944,1738826295944,1738826295944,1738826295944,2025-02-06,07:18:15.000Z
1738826295000,1738826296959,1738826298990,1738826296959,1738826298990,2025-02-06,07:18:15.000Z
1738826300000,1738826300007,1738826300007,1738826300007,1738826300007,2025-02-06,07:18:20.000Z
1738826300000,1738826301022,1738826304069,1738826301022,1738826304069,2025-02-06,07:18:20.000Z
1738826305000,1738826305085,1738826305085,1738826305085,1738826305085,2025-02-06,07:18:25.000Z
1738826305000,1738826306100,1738826309146,1738826306100,1738826309146,2025-02-06,07:18:25.000Z
1738826310000,1738826310174,1738826310174,1738826310174,1738826310174,2025-02-06,07:18:30.000Z
1738826310000,1738826311190,1738826314238,1738826311190,1738826314238,2025-02-06,07:18:30.000Z
1738826315000,1738826315253,1738826315253,1738826315253,1738826315253,2025-02-06,07:18:35.000Z
1738826315000,1738826316275,1738826319332,1738826316275,1738826319332,2025-02-06,07:18:35.000Z
1738826320000,1738826320346,1738826320346,1738826320346,1738826320346,2025-02-06,07:18:40.000Z
1738826320000,1738826321362,1738826324410,1738826321362,1738826324410,2025-02-06,07:18:40.000Z
1738826325000,1738826325426,1738826325426,1738826325426,1738826325426,2025-02-06,07:18:45.000Z
1738826325000,1738826326441,1738826329474,1738826326441,1738826329474,2025-02-06,07:18:45.000Z
1738826330000,1738826330476,1738826330476,1738826330476,1738826330476,2025-02-06,07:18:50.000Z
1738826330000,1738826331494,1738826334527,1738826331494,1738826334527,2025-02-06,07:18:50.000Z
1738826335000,1738826335528,1738826335528,1738826335528,1738826335528,2025-02-06,07:18:55.000Z
1738826545000,1738826547120,1738826549837,1738826547120,1738826549837,2025-02-06,07:22:25.000Z
1738826550000,1738826550928,1738826550928,1738826550928,1738826550928,2025-02-06,07:22:30.000Z
1738826550000,1738826552113,1738826554437,1738826552113,1738826554437,2025-02-06,07:22:30.000Z
1738826555000,1738826555654,1738826555654,1738826555654,1738826555654,2025-02-06,07:22:35.000Z
1738826555000,1738826557019,1738826559286,1738826557019,1738826559286,2025-02-06,07:22:35.000Z
1738826560000,1738826560372,1738826560372,1738826560372,1738826560372,2025-02-06,07:22:40.000Z
1738826560000,1738826561453,1738826564551,1738826561453,1738826564551,2025-02-06,07:22:40.000Z
1738826565000,1738826565553,1738826565553,1738826565553,1738826565553,2025-02-06,07:22:45.000Z
1738826565000,1738826566571,1738826569610,1738826566571,1738826569610,2025-02-06,07:22:45.000Z
1738826570000,1738826570629,1738826570629,1738826570629,1738826570629,2025-02-06,07:22:50.000Z
1738826570000,1738826571637,1738826574661,1738826571637,1738826574661,2025-02-06,07:22:50.000Z
1738826575000,1738826575678,1738826575678,1738826575678,1738826575678,2025-02-06,07:22:55.000Z
1738826575000,1738826576685,1738826579710,1738826576685,1738826579710,2025-02-06,07:22:55.000Z
1738826580000,1738826580720,1738826580720,1738826580720,1738826580720,2025-02-06,07:23:00.000Z
1738826580000,1738826581768,1738826584962,1738826581768,1738826584962,2025-02-06,07:23:00.000Z
1738826585000,1738826586152,1738826589332,1738826586152,1738826589332,2025-02-06,07:23:05.000Z
1738826590000,1738826590352,1738826590352,1738826590352,1738826590352,2025-02-06,07:23:10.000Z
1738826590000,1738826591454,1738826594642,1738826591454,1738826594642,2025-02-06,07:23:10.000Z
1738826595000,1738826595651,1738826595651,1738826595651,1738826595651,2025-02-06,07:23:15.000Z
1738826595000,1738826596660,1738826599833,1738826596660,1738826599833,2025-02-06,07:23:15.000Z
1738826600000,1738826600849,1738826600849,1738826600849,1738826600849,2025-02-06,07:23:20.000Z
1738826600000,1738826601864,1738826604911,1738826601864,1738826604911,2025-02-06,07:23:20.000Z
1738826605000,1738826605927,1738826605927,1738826605927,1738826605927,2025-02-06,07:23:25.000Z
1738826605000,1738826606947,1738826609995,1738826606947,1738826609995,2025-02-06,07:23:25.000Z
1738826610000,1738826611012,1738826614057,1738826611012,1738826614057,2025-02-06,07:23:30.000Z
1738826615000,1738826615073,1738826615073,1738826615073,1738826615073,2025-02-06,07:23:35.000Z
1738826615000,1738826616124,1738826619183,1738826616124,1738826619183,2025-02-06,07:23:35.000Z
1738826620000,1738826620198,1738826620198,1738826620198,1738826620198,2025-02-06,07:23:40.000Z
1738826620000,1738826621216,1738826624297,1738826621216,1738826624297,2025-02-06,07:23:40.000Z
1738826625000,1738826625308,1738826625308,1738826625308,1738826625308,2025-02-06,07:23:45.000Z
1738826625000,1738826626342,1738826629387,1738826626342,1738826629387,2025-02-06,07:23:45.000Z
1738826630000,1738826630404,1738826630404,1738826630404,1738826630404,2025-02-06,07:23:50.000Z
1738826630000,1738826631517,1738826634546,1738826631517,1738826634546,2025-02-06,07:23:50.000Z
1738826635000,1738826635562,1738826635562,1738826635562,1738826635562,2025-02-06,07:23:55.000Z
1738826635000,1738826636579,1738826639908,1738826636579,1738826639908,2025-02-06,07:23:55.000Z
1738826640000,1738826640924,1738826640924,1738826640924,1738826640924,2025-02-06,07:24:00.000Z
1738826640000,1738826641942,1738826644986,1738826641942,1738826644986,2025-02-06,07:24:00.000Z
1738826645000,1738826646005,1738826649049,1738826646005,1738826649049,2025-02-06,07:24:05.000Z
1738826650000,1738826650065,1738826650065,1738826650065,1738826650065,2025-02-06,07:24:10.000Z
1738826650000,1738826651080,1738826654127,1738826651080,1738826654127,2025-02-06,07:24:10.000Z
1738826655000,1738826655142,1738826655142,1738826655142,1738826655142,2025-02-06,07:24:15.000Z
1738826655000,1738826656161,1738826659205,1738826656161,1738826659205,2025-02-06,07:24:15.000Z
1738826660000,1738826660222,1738826660222,1738826660222,1738826660222,2025-02-06,07:24:20.000Z
1738826660000,1738826661237,1738826664283,1738826661237,1738826664283,2025-02-06,07:24:20.000Z
1738826665000,1738826665299,1738826665299,1738826665299,1738826665299,2025-02-06,07:24:25.000Z
1738826665000,1738826666317,1738826669362,1738826666317,1738826669362,2025-02-06,07:24:25.000Z
1738826670000,1738826670377,1738826670377,1738826670377,1738826670377,2025-02-06,07:24:30.000Z
1738826670000,1738826671415,1738826674455,1738826671415,1738826674455,2025-02-06,07:24:30.000Z
1738826675000,1738826675470,1738826675470,1738826675470,1738826675470,2025-02-06,07:24:35.000Z
1738826675000,1738826676486,1738826679534,1738826676486,1738826679534,2025-02-06,07:24:35.000Z
1738826680000,1738826680549,1738826680549,1738826680549,1738826680549,2025-02-06,07:24:40.000Z
1738826680000,1738826681567,1738826684611,1738826681567,1738826684611,2025-02-06,07:24:40.000Z
1738826685000,1738826685616,1738826685616,1738826685616,1738826685616,2025-02-06,07:24:45.000Z
1738826685000,1738826686631,1738826689652,1738826686631,1738826689652,2025-02-06,07:24:45.000Z
1738826690000,1738826690654,1738826690654,1738826690654,1738826690654,2025-02-06,07:24:50.000Z
1738836590000,1738836591576,1738836593901,1738836591576,1738836593901,2025-02-06,10:09:50.000Z
1738836595000,1738836595228,1738836595228,1738836595228,1738836595228,2025-02-06,10:09:55.000Z
1738836595000,1738836597008,1738836599023,1738836597008,1738836599023,2025-02-06,10:09:55.000Z
1738836600000,1738836600028,1738836600028,1738836600028,1738836600028,2025-02-06,10:10:00.000Z
1738836600000,1738836601035,1738836604403,1738836601035,1738836604403,2025-02-06,10:10:00.000Z
1738836605000,1738836605482,1738836605482,1738836605482,1738836605482,2025-02-06,10:10:05.000Z
1738836605000,1738836606507,1738836609524,1738836606507,1738836609524,2025-02-06,10:10:05.000Z
1738836610000,1738836611612,1738836614690,1738836611612,1738836614690,2025-02-06,10:10:10.000Z
1738836615000,1738836615731,1738836615731,1738836615731,1738836615731,2025-02-06,10:10:15.000Z
1738836615000,1738836616899,1738836619142,1738836616899,1738836619142,2025-02-06,10:10:15.000Z
1738836620000,1738836620321,1738836620321,1738836620321,1738836620321,2025-02-06,10:10:20.000Z
1738836620000,1738836621582,1738836624963,1738836621582,1738836624963,2025-02-06,10:10:20.000Z
1738836625000,1738836626125,1738836629943,1738836626125,1738836629943,2025-02-06,10:10:25.000Z
1738836630000,1738836631024,1738836634626,1738836631024,1738836634626,2025-02-06,10:10:30.000Z
1738836635000,1738836635710,1738836635710,1738836635710,1738836635710,2025-02-06,10:10:35.000Z
1738836635000,1738836639616,1738836639616,1738836639616,1738836639616,2025-02-06,10:10:35.000Z
1738836640000,1738836640623,1738836640623,1738836640623,1738836640623,2025-02-06,10:10:40.000Z
1738836640000,1738836641862,1738836643549,1738836641862,1738836643549,2025-02-06,10:10:40.000Z
1738836645000,1738836645049,1738836645049,1738836645049,1738836645049,2025-02-06,10:10:45.000Z
1738836645000,1738836646793,1738836649221,1738836646793,1738836649221,2025-02-06,10:10:45.000Z
1738836650000,1738836650324,1738836650324,1738836650324,1738836650324,2025-02-06,10:10:50.000Z
1738836650000,1738836651438,1738836654624,1738836651438,1738836654624,2025-02-06,10:10:50.000Z
1738836655000,1738836655636,1738836655636,1738836655636,1738836655636,2025-02-06,10:10:55.000Z
1738836655000,1738836656674,1738836659786,1738836656674,1738836659786,2025-02-06,10:10:55.000Z
1738836660000,1738836660835,1738836660835,1738836660835,1738836660835,2025-02-06,10:11:00.000Z
1738836660000,1738836661862,1738836664220,1738836661862,1738836664220,2025-02-06,10:11:00.000Z
1738836665000,1738836666022,1738836669759,1738836666022,1738836669759,2025-02-06,10:11:05.000Z
1738836670000,1738836670773,1738836670773,1738836670773,1738836670773,2025-02-06,10:11:10.000Z
1738836670000,1738836672747,1738836674770,1738836672747,1738836674770,2025-02-06,10:11:10.000Z
1738836675000,1738836675811,1738836675811,1738836675811,1738836675811,2025-02-06,10:11:15.000Z
1738836675000,1738836676850,1738836679917,1738836676850,1738836679917,2025-02-06,10:11:15.000Z
1738836680000,1738836680932,1738836680932,1738836680932,1738836680932,2025-02-06,10:11:20.000Z
